{"loss": 0.4578372378240932, "acc": 0.8848484841260043}