{"loss": 0.4717759137803858, "acc": 0.8787878780653983}